PackageID;Length;Breadth;Hight;Weight;EntryDate;ClientID
13580;60;50;40;0.581;1-12-2021;235080
13581;60;50;40;5.533;1-12-2021;235102
13582;60;50;40;5.505;1-12-2021;235059
13583;20;10;10;9.752;1-12-2021;235040
13584;20;10;10;5.058;1-12-2021;235098
13585;20;10;10;9.364;1-12-2021;235010
13586;60;50;40;2.402;1-12-2021;235004
13587;20;10;10;8.859;1-12-2021;235010
13588;50;35;30;1.863;1-12-2021;235097
13589;100;60;50;5.561;1-12-2021;235051
13590;100;60;50;9.750;1-12-2021;235087
13591;100;60;50;5.539;1-12-2021;235023
13592;60;50;40;9.486;1-12-2021;235100
13593;20;10;10;3.516;1-12-2021;235005
13594;100;60;50;3.372;1-12-2021;235054
13595;100;60;50;1.815;1-12-2021;235047
13596;50;35;30;5.276;1-12-2021;235066
13597;20;10;10;1.901;1-12-2021;235005
13598;100;60;50;5.111;1-12-2021;235012
13599;60;50;40;1.573;1-12-2021;235102
13600;50;35;30;9.739;1-12-2021;235008
13601;20;10;10;3.941;1-12-2021;235084
13602;60;50;40;6.917;1-12-2021;235099
13603;30;20;15;3.696;1-12-2021;235074
13604;100;60;50;1.278;1-12-2021;235042
13605;20;10;10;6.524;1-12-2021;235002
13606;100;60;50;9.818;1-12-2021;235013
13607;30;20;15;8.798;1-12-2021;235051
13608;20;10;10;0.838;1-12-2021;235106
13609;30;20;15;3.779;1-12-2021;235012
13610;60;50;40;5.206;1-12-2021;235027
13611;60;50;40;4.534;1-12-2021;235024
13612;20;10;10;3.605;1-12-2021;235094
13613;30;20;15;1.840;1-12-2021;235053
13614;50;35;30;3.384;1-12-2021;235052
13615;20;10;10;1.596;1-12-2021;235017
13616;50;35;30;4.843;1-12-2021;235098
13617;50;35;30;2.221;1-12-2021;235042
13618;60;50;40;9.090;1-12-2021;235052
13619;100;60;50;9.352;1-12-2021;235115
13620;100;60;50;8.998;1-12-2021;235038
13621;60;50;40;6.724;1-12-2021;235053
13622;50;35;30;5.622;1-12-2021;235029
13623;100;60;50;6.628;1-12-2021;235081
13624;50;35;30;5.471;1-12-2021;235026
13625;100;60;50;6.882;1-12-2021;235113
13626;50;35;30;8.291;1-12-2021;235120
13627;50;35;30;9.356;1-12-2021;235033
13628;20;10;10;0.938;1-12-2021;235064
13629;30;20;15;5.771;1-12-2021;235081
13630;60;50;40;4.257;1-12-2021;235094
13631;60;50;40;2.698;1-12-2021;235019
13632;30;20;15;6.707;1-12-2021;235031
13633;30;20;15;9.541;1-12-2021;235086
13634;30;20;15;9.245;1-12-2021;235048
13635;50;35;30;0.872;1-12-2021;235045
13636;60;50;40;0.462;1-12-2021;235046
13637;100;60;50;0.179;1-12-2021;235039
13638;30;20;15;2.359;1-12-2021;235016
13639;50;35;30;3.192;1-12-2021;235101
13640;30;20;15;4.732;1-12-2021;235038
13641;60;50;40;9.904;1-12-2021;235052
13642;60;50;40;8.044;1-12-2021;235118
13643;60;50;40;9.782;1-12-2021;235027
13644;60;50;40;9.658;1-12-2021;235119
13645;50;35;30;1.177;1-12-2021;235106
13646;60;50;40;9.291;1-12-2021;235106
13647;20;10;10;5.100;1-12-2021;235086
13648;30;20;15;5.000;1-12-2021;235114
13649;100;60;50;4.529;1-12-2021;235091
13650;20;10;10;8.452;1-12-2021;235005
13651;100;60;50;1.757;1-12-2021;235119
13652;30;20;15;5.914;1-12-2021;235004
13653;30;20;15;9.374;1-12-2021;235063
13654;50;35;30;1.399;1-12-2021;235016
13655;20;10;10;1.135;1-12-2021;235065
13656;30;20;15;8.810;1-12-2021;235017
13657;100;60;50;0.584;1-12-2021;235029
13658;100;60;50;7.441;1-12-2021;235005
13659;50;35;30;1.036;1-12-2021;235008
13660;30;20;15;7.521;1-12-2021;235086
13661;60;50;40;5.941;1-12-2021;235120
13662;100;60;50;1.141;1-12-2021;235015
13663;100;60;50;4.002;1-12-2021;235001
13664;20;10;10;6.207;1-12-2021;235053
13665;20;10;10;6.552;1-12-2021;235077
13666;60;50;40;3.220;1-12-2021;235111
13667;30;20;15;3.046;1-12-2021;235018
13668;30;20;15;3.699;1-12-2021;235100
13669;60;50;40;4.022;1-12-2021;235019
13670;60;50;40;5.876;1-12-2021;235049
13671;30;20;15;4.306;1-12-2021;235016
13672;60;50;40;4.537;1-12-2021;235011
13673;50;35;30;4.565;1-12-2021;235063
13674;30;20;15;3.211;1-12-2021;235118
13675;60;50;40;8.618;1-12-2021;235116
13676;50;35;30;6.050;2-12-2021;235013
13677;20;10;10;5.724;2-12-2021;235033
13678;20;10;10;2.633;2-12-2021;235057
13679;60;50;40;9.852;2-12-2021;235012
13680;50;35;30;4.767;2-12-2021;235119
13681;20;10;10;1.166;2-12-2021;235060
13682;20;10;10;7.973;2-12-2021;235120
13683;20;10;10;4.276;2-12-2021;235050
13684;100;60;50;0.268;2-12-2021;235072
13685;60;50;40;9.992;2-12-2021;235016
13686;60;50;40;8.389;2-12-2021;235114
13687;60;50;40;4.022;2-12-2021;235059
13688;100;60;50;2.797;2-12-2021;235060
13689;100;60;50;7.807;2-12-2021;235085
13690;20;10;10;0.738;2-12-2021;235014
13691;30;20;15;5.204;2-12-2021;235104
13692;50;35;30;0.754;2-12-2021;235044
13693;100;60;50;5.002;2-12-2021;235036
13694;100;60;50;2.805;2-12-2021;235051
13695;20;10;10;2.627;2-12-2021;235095
13696;50;35;30;2.537;2-12-2021;235009
13697;20;10;10;6.516;2-12-2021;235056
13698;100;60;50;5.410;2-12-2021;235007
13699;30;20;15;0.590;2-12-2021;235102
13700;60;50;40;0.561;2-12-2021;235034
13701;20;10;10;5.198;2-12-2021;235089
13702;50;35;30;6.850;2-12-2021;235059
13703;50;35;30;4.810;2-12-2021;235060
13704;60;50;40;5.816;2-12-2021;235032
13705;30;20;15;2.285;2-12-2021;235040
13706;60;50;40;1.907;2-12-2021;235097
13707;100;60;50;1.492;2-12-2021;235085
13708;20;10;10;7.809;2-12-2021;235008
13709;100;60;50;2.779;2-12-2021;235031
13710;60;50;40;7.857;2-12-2021;235050
13711;60;50;40;8.629;2-12-2021;235003
13712;50;35;30;1.005;2-12-2021;235070
13713;100;60;50;9.961;2-12-2021;235035
13714;50;35;30;4.654;2-12-2021;235071
13715;100;60;50;0.974;2-12-2021;235015
13716;60;50;40;4.750;2-12-2021;235113
13717;100;60;50;1.917;2-12-2021;235047
13718;20;10;10;6.025;2-12-2021;235011
13719;100;60;50;3.557;2-12-2021;235107
13720;20;10;10;9.274;2-12-2021;235086
13721;60;50;40;3.798;2-12-2021;235072
13722;20;10;10;2.362;2-12-2021;235016
13723;30;20;15;9.326;2-12-2021;235077
13724;60;50;40;5.659;2-12-2021;235058
13725;20;10;10;2.534;2-12-2021;235029
13726;50;35;30;5.194;2-12-2021;235022
13727;20;10;10;4.352;2-12-2021;235038
13728;50;35;30;2.610;2-12-2021;235110
13729;50;35;30;5.931;2-12-2021;235114
13730;100;60;50;6.584;2-12-2021;235049
13731;20;10;10;9.061;2-12-2021;235096
13732;100;60;50;7.547;2-12-2021;235010
13733;100;60;50;5.492;2-12-2021;235071
13734;100;60;50;5.036;2-12-2021;235053
13735;30;20;15;6.232;2-12-2021;235066
13736;20;10;10;3.864;2-12-2021;235073
13737;20;10;10;7.148;3-12-2021;235001
13738;30;20;15;6.062;3-12-2021;235089
13739;50;35;30;2.335;3-12-2021;235096
13740;20;10;10;4.313;3-12-2021;235066
13741;30;20;15;8.808;3-12-2021;235001
13742;50;35;30;4.908;3-12-2021;235069
13743;30;20;15;9.644;3-12-2021;235005
13744;20;10;10;2.090;3-12-2021;235105
13745;30;20;15;5.079;3-12-2021;235099
13746;60;50;40;1.468;3-12-2021;235118
13747;50;35;30;0.147;3-12-2021;235013
13748;50;35;30;8.415;3-12-2021;235033
13749;50;35;30;6.758;3-12-2021;235053
13750;60;50;40;7.019;3-12-2021;235054
13751;100;60;50;9.246;3-12-2021;235013
13752;50;35;30;6.433;3-12-2021;235112
13753;30;20;15;4.044;3-12-2021;235115
13754;60;50;40;0.413;3-12-2021;235026
13755;100;60;50;0.838;3-12-2021;235042
13756;30;20;15;2.654;3-12-2021;235092
13757;60;50;40;8.207;3-12-2021;235050
13758;100;60;50;8.549;3-12-2021;235079
13759;50;35;30;7.492;3-12-2021;235087
13760;60;50;40;0.269;3-12-2021;235088
13761;30;20;15;5.384;3-12-2021;235009
13762;60;50;40;9.693;3-12-2021;235011
13763;100;60;50;6.945;3-12-2021;235042
13764;50;35;30;4.335;3-12-2021;235043
13765;30;20;15;4.438;3-12-2021;235107
13766;20;10;10;7.869;3-12-2021;235058
13767;30;20;15;4.233;3-12-2021;235075
13768;50;35;30;5.495;3-12-2021;235038
13769;100;60;50;9.243;3-12-2021;235092
13770;50;35;30;7.685;3-12-2021;235070
13771;50;35;30;0.784;3-12-2021;235097
13772;100;60;50;4.836;3-12-2021;235076
13773;30;20;15;3.852;3-12-2021;235082
13774;20;10;10;2.297;3-12-2021;235105
13775;20;10;10;8.471;3-12-2021;235082
13776;20;10;10;5.720;3-12-2021;235035
13777;50;35;30;6.790;3-12-2021;235111
13778;60;50;40;2.716;3-12-2021;235116
13779;60;50;40;8.037;3-12-2021;235108
13780;20;10;10;8.730;3-12-2021;235004
13781;60;50;40;8.157;3-12-2021;235079
13782;20;10;10;4.373;3-12-2021;235042
13783;20;10;10;7.307;3-12-2021;235095
13784;30;20;15;3.468;3-12-2021;235020
13785;20;10;10;0.443;3-12-2021;235098
13786;30;20;15;6.761;3-12-2021;235019
13787;60;50;40;5.425;3-12-2021;235114
13788;50;35;30;5.635;3-12-2021;235017
13789;30;20;15;0.740;3-12-2021;235062
13790;100;60;50;4.043;3-12-2021;235064
13791;50;35;30;4.737;3-12-2021;235021
13792;50;35;30;9.786;3-12-2021;235091
13793;20;10;10;8.600;3-12-2021;235040
13794;100;60;50;8.772;3-12-2021;235092
13795;30;20;15;2.098;3-12-2021;235065
13796;30;20;15;7.242;3-12-2021;235049
13797;30;20;15;0.019;3-12-2021;235084
13798;50;35;30;7.356;3-12-2021;235065
13799;30;20;15;6.184;3-12-2021;235037
13800;50;35;30;4.939;3-12-2021;235032
13801;50;35;30;3.907;3-12-2021;235019
13802;50;35;30;4.502;3-12-2021;235103
13803;60;50;40;6.901;3-12-2021;235055
13804;50;35;30;4.495;3-12-2021;235050
13805;50;35;30;3.016;3-12-2021;235046
13806;50;35;30;4.743;3-12-2021;235064
13807;50;35;30;7.156;3-12-2021;235058
13808;20;10;10;1.430;3-12-2021;235069
13809;30;20;15;6.591;3-12-2021;235111
13810;30;20;15;2.249;4-12-2021;235100
13811;60;50;40;4.629;4-12-2021;235014
13812;30;20;15;0.227;4-12-2021;235061
13813;60;50;40;4.676;4-12-2021;235042
13814;50;35;30;1.339;4-12-2021;235003
13815;60;50;40;5.125;4-12-2021;235072
13816;30;20;15;9.103;4-12-2021;235041
13817;60;50;40;4.453;4-12-2021;235115
13818;50;35;30;6.938;4-12-2021;235020
13819;100;60;50;8.751;4-12-2021;235025
13820;30;20;15;0.680;4-12-2021;235004
13821;100;60;50;3.478;4-12-2021;235096
13822;100;60;50;6.208;4-12-2021;235074
13823;20;10;10;2.020;4-12-2021;235002
13824;60;50;40;9.646;4-12-2021;235086
13825;30;20;15;7.269;4-12-2021;235001
13826;100;60;50;7.320;4-12-2021;235099
13827;20;10;10;1.973;4-12-2021;235089
13828;50;35;30;2.699;4-12-2021;235068
13829;60;50;40;4.779;4-12-2021;235044
13830;60;50;40;0.077;4-12-2021;235044
13831;60;50;40;5.993;4-12-2021;235046
13832;20;10;10;9.481;4-12-2021;235080
13833;30;20;15;3.087;4-12-2021;235040
13834;50;35;30;3.504;4-12-2021;235059
13835;30;20;15;4.887;4-12-2021;235093
13836;50;35;30;6.321;4-12-2021;235079
13837;100;60;50;2.844;4-12-2021;235017
13838;100;60;50;4.632;4-12-2021;235039
13839;30;20;15;1.514;4-12-2021;235108
13840;100;60;50;3.618;4-12-2021;235074
13841;100;60;50;0.681;4-12-2021;235069
13842;100;60;50;2.055;4-12-2021;235060
13843;50;35;30;1.855;4-12-2021;235088
13844;50;35;30;7.567;5-12-2021;235008
13845;100;60;50;0.520;5-12-2021;235086
13846;60;50;40;4.646;5-12-2021;235028
13847;30;20;15;5.930;5-12-2021;235007
13848;30;20;15;3.820;5-12-2021;235031
13849;60;50;40;9.540;5-12-2021;235080
13850;30;20;15;5.228;5-12-2021;235071
13851;50;35;30;9.854;5-12-2021;235078
13852;30;20;15;8.988;5-12-2021;235032
13853;60;50;40;0.641;5-12-2021;235102
13854;20;10;10;7.436;5-12-2021;235052
13855;60;50;40;6.770;5-12-2021;235059
13856;20;10;10;3.414;5-12-2021;235099
13857;20;10;10;4.587;5-12-2021;235047
13858;30;20;15;1.823;5-12-2021;235039
13859;50;35;30;2.278;5-12-2021;235051
13860;60;50;40;4.106;5-12-2021;235064
13861;100;60;50;8.185;5-12-2021;235051
13862;30;20;15;1.469;5-12-2021;235031
13863;20;10;10;4.933;5-12-2021;235107
13864;20;10;10;1.063;5-12-2021;235022
13865;50;35;30;5.626;5-12-2021;235087
13866;50;35;30;1.854;5-12-2021;235115
13867;100;60;50;1.254;5-12-2021;235073
13868;100;60;50;1.737;5-12-2021;235027
13869;30;20;15;9.187;5-12-2021;235084
13870;50;35;30;1.260;5-12-2021;235035
13871;30;20;15;4.342;5-12-2021;235105
13872;20;10;10;9.807;5-12-2021;235053
13873;60;50;40;2.851;5-12-2021;235075
13874;20;10;10;8.790;5-12-2021;235093
13875;20;10;10;3.182;5-12-2021;235073
13876;100;60;50;0.614;5-12-2021;235073
13877;30;20;15;9.363;5-12-2021;235074
13878;50;35;30;8.119;5-12-2021;235097
13879;30;20;15;2.791;5-12-2021;235014
13880;20;10;10;3.904;5-12-2021;235015
13881;30;20;15;2.974;5-12-2021;235045
13882;100;60;50;3.251;5-12-2021;235075
13883;50;35;30;8.187;5-12-2021;235074
13884;50;35;30;5.079;5-12-2021;235053
13885;60;50;40;6.461;5-12-2021;235026
13886;30;20;15;7.914;5-12-2021;235003
13887;30;20;15;7.593;5-12-2021;235076
13888;30;20;15;8.828;5-12-2021;235112
13889;100;60;50;2.099;5-12-2021;235030
13890;50;35;30;2.772;5-12-2021;235089
13891;30;20;15;2.460;5-12-2021;235091
13892;20;10;10;3.915;5-12-2021;235113
13893;30;20;15;2.011;5-12-2021;235106
13894;50;35;30;4.343;6-12-2021;235033
13895;30;20;15;1.377;6-12-2021;235016
13896;50;35;30;2.484;6-12-2021;235047
13897;30;20;15;6.299;6-12-2021;235002
13898;60;50;40;3.213;6-12-2021;235033
13899;50;35;30;6.031;6-12-2021;235097
13900;60;50;40;5.168;6-12-2021;235082
13901;30;20;15;7.231;6-12-2021;235111
13902;20;10;10;1.160;6-12-2021;235077
13903;60;50;40;5.545;6-12-2021;235027
13904;50;35;30;3.745;6-12-2021;235119
13905;60;50;40;3.961;6-12-2021;235041
13906;50;35;30;1.591;6-12-2021;235072
13907;20;10;10;0.628;6-12-2021;235108
13908;30;20;15;2.219;6-12-2021;235060
13909;100;60;50;7.330;6-12-2021;235045
13910;30;20;15;1.707;6-12-2021;235026
13911;100;60;50;0.818;6-12-2021;235016
13912;30;20;15;0.874;6-12-2021;235120
13913;100;60;50;7.071;6-12-2021;235098
13914;30;20;15;1.589;6-12-2021;235098
13915;30;20;15;3.202;6-12-2021;235055
13916;30;20;15;7.637;6-12-2021;235118
13917;20;10;10;4.011;6-12-2021;235094
13918;50;35;30;5.543;6-12-2021;235072
13919;100;60;50;4.612;6-12-2021;235034
13920;50;35;30;0.468;6-12-2021;235072
13921;60;50;40;7.723;6-12-2021;235020
13922;30;20;15;6.519;6-12-2021;235044
13923;30;20;15;3.343;6-12-2021;235113
13924;30;20;15;5.308;6-12-2021;235051
13925;100;60;50;9.814;6-12-2021;235063
13926;50;35;30;9.264;6-12-2021;235011
13927;30;20;15;2.742;6-12-2021;235094
13928;100;60;50;0.030;6-12-2021;235040
13929;100;60;50;1.660;6-12-2021;235065
13930;50;35;30;7.363;6-12-2021;235060
13931;100;60;50;2.495;6-12-2021;235059
13932;30;20;15;0.416;6-12-2021;235017
13933;30;20;15;6.232;6-12-2021;235033
13934;30;20;15;3.486;6-12-2021;235029
13935;100;60;50;4.134;6-12-2021;235118
13936;50;35;30;9.476;6-12-2021;235074
13937;50;35;30;6.695;6-12-2021;235062
13938;20;10;10;1.078;6-12-2021;235114
13939;50;35;30;5.119;6-12-2021;235058
13940;60;50;40;6.402;6-12-2021;235026
13941;20;10;10;9.633;6-12-2021;235110
13942;20;10;10;9.253;6-12-2021;235052
13943;30;20;15;0.925;6-12-2021;235101
13944;100;60;50;6.097;6-12-2021;235026
13945;100;60;50;8.166;6-12-2021;235063
13946;20;10;10;0.939;6-12-2021;235045
13947;30;20;15;6.787;6-12-2021;235016
13948;60;50;40;4.570;6-12-2021;235002
13949;50;35;30;9.822;6-12-2021;235067
13950;60;50;40;7.236;6-12-2021;235031
13951;60;50;40;0.173;6-12-2021;235011
13952;60;50;40;9.515;6-12-2021;235057
13953;50;35;30;5.744;6-12-2021;235015
13954;30;20;15;8.581;6-12-2021;235104
13955;50;35;30;1.689;6-12-2021;235088
13956;30;20;15;9.133;6-12-2021;235048
13957;50;35;30;1.822;6-12-2021;235115
13958;30;20;15;5.648;6-12-2021;235059
13959;100;60;50;5.892;6-12-2021;235112
13960;20;10;10;5.632;6-12-2021;235094
13961;30;20;15;8.454;6-12-2021;235104
13962;50;35;30;9.878;6-12-2021;235117
13963;100;60;50;4.496;6-12-2021;235100
13964;50;35;30;2.965;6-12-2021;235036
13965;100;60;50;3.959;6-12-2021;235087
13966;100;60;50;5.255;6-12-2021;235117
13967;100;60;50;2.613;6-12-2021;235087
13968;60;50;40;1.127;6-12-2021;235055
13969;50;35;30;7.227;6-12-2021;235113
13970;60;50;40;9.312;6-12-2021;235034
13971;60;50;40;4.049;6-12-2021;235068
13972;50;35;30;1.828;6-12-2021;235113
13973;60;50;40;7.840;6-12-2021;235099
13974;30;20;15;7.759;7-12-2021;235091
13975;50;35;30;8.256;7-12-2021;235096
13976;30;20;15;2.005;7-12-2021;235066
13977;60;50;40;6.401;7-12-2021;235009
13978;100;60;50;3.511;7-12-2021;235082
13979;100;60;50;7.405;7-12-2021;235021
13980;60;50;40;8.945;7-12-2021;235015
13981;100;60;50;4.977;7-12-2021;235080
13982;30;20;15;3.679;7-12-2021;235110
13983;50;35;30;6.993;7-12-2021;235015
13984;60;50;40;6.644;7-12-2021;235035
13985;20;10;10;4.349;7-12-2021;235081
13986;100;60;50;5.423;7-12-2021;235064
13987;60;50;40;5.868;7-12-2021;235086
13988;20;10;10;8.407;7-12-2021;235021
13989;30;20;15;5.889;7-12-2021;235101
13990;60;50;40;6.264;7-12-2021;235027
13991;50;35;30;7.717;7-12-2021;235030
13992;100;60;50;8.193;7-12-2021;235109
13993;20;10;10;1.782;7-12-2021;235075
13994;100;60;50;0.952;7-12-2021;235013
13995;30;20;15;1.593;7-12-2021;235040
13996;100;60;50;5.671;7-12-2021;235113
13997;20;10;10;7.321;7-12-2021;235106
13998;60;50;40;0.080;7-12-2021;235007
13999;50;35;30;7.667;7-12-2021;235104
14000;100;60;50;1.980;7-12-2021;235031
14001;60;50;40;6.800;7-12-2021;235080
14002;60;50;40;4.291;7-12-2021;235087
14003;20;10;10;8.315;7-12-2021;235072
14004;100;60;50;7.488;7-12-2021;235029
14005;100;60;50;0.696;7-12-2021;235071
14006;100;60;50;2.152;7-12-2021;235073
14007;30;20;15;4.720;7-12-2021;235040
14008;30;20;15;1.988;7-12-2021;235067
14009;20;10;10;8.035;7-12-2021;235010
14010;30;20;15;6.265;7-12-2021;235002
14011;30;20;15;4.027;7-12-2021;235009
14012;30;20;15;4.042;7-12-2021;235076
14013;50;35;30;3.767;7-12-2021;235032
14014;60;50;40;0.795;7-12-2021;235081
14015;50;35;30;1.567;7-12-2021;235084
14016;30;20;15;9.698;7-12-2021;235085
14017;60;50;40;6.539;7-12-2021;235074
14018;50;35;30;4.441;7-12-2021;235031
14019;30;20;15;6.864;7-12-2021;235020
14020;50;35;30;1.445;7-12-2021;235102
14021;30;20;15;7.575;7-12-2021;235048
14022;50;35;30;5.894;7-12-2021;235028
14023;50;35;30;1.022;7-12-2021;235118
14024;20;10;10;6.168;7-12-2021;235063
14025;100;60;50;6.312;7-12-2021;235083
14026;50;35;30;4.028;7-12-2021;235052
14027;100;60;50;6.634;7-12-2021;235078
14028;20;10;10;5.885;7-12-2021;235064
14029;20;10;10;3.114;7-12-2021;235003
14030;100;60;50;2.455;7-12-2021;235117
14031;20;10;10;9.633;7-12-2021;235102
14032;100;60;50;7.300;7-12-2021;235067
14033;20;10;10;3.736;7-12-2021;235008
14034;60;50;40;7.671;7-12-2021;235038
14035;60;50;40;5.415;7-12-2021;235071
14036;60;50;40;5.629;7-12-2021;235064
14037;100;60;50;4.228;7-12-2021;235045
14038;50;35;30;1.777;7-12-2021;235027
14039;50;35;30;9.231;7-12-2021;235001
14040;30;20;15;4.757;7-12-2021;235035
14041;100;60;50;8.697;7-12-2021;235112
14042;60;50;40;4.710;7-12-2021;235041
14043;20;10;10;3.100;7-12-2021;235062
14044;50;35;30;9.599;7-12-2021;235033
14045;100;60;50;5.769;7-12-2021;235059
14046;100;60;50;7.076;7-12-2021;235034
14047;20;10;10;8.575;7-12-2021;235088
14048;30;20;15;7.502;7-12-2021;235093
14049;20;10;10;2.655;7-12-2021;235087
14050;30;20;15;2.997;7-12-2021;235118
14051;50;35;30;6.297;7-12-2021;235014
14052;30;20;15;3.730;7-12-2021;235095
14053;50;35;30;8.536;7-12-2021;235092
14054;30;20;15;2.893;7-12-2021;235114
14055;100;60;50;9.731;7-12-2021;235067
14056;100;60;50;1.400;7-12-2021;235012
14057;60;50;40;1.451;7-12-2021;235063
14058;30;20;15;8.856;7-12-2021;235014
14059;30;20;15;1.478;7-12-2021;235102
14060;30;20;15;8.817;7-12-2021;235063
14061;60;50;40;5.008;7-12-2021;235096
14062;20;10;10;0.123;7-12-2021;235081
14063;100;60;50;6.343;7-12-2021;235118
14064;60;50;40;2.678;8-12-2021;235058
14065;30;20;15;6.839;8-12-2021;235101
14066;30;20;15;2.902;8-12-2021;235046
14067;50;35;30;1.106;8-12-2021;235004
14068;60;50;40;9.767;8-12-2021;235050
14069;30;20;15;8.562;8-12-2021;235015
14070;20;10;10;7.846;8-12-2021;235119
14071;30;20;15;6.226;8-12-2021;235002
14072;60;50;40;3.343;8-12-2021;235065
14073;30;20;15;9.067;8-12-2021;235087
14074;50;35;30;1.485;8-12-2021;235035
14075;20;10;10;0.176;8-12-2021;235006
14076;100;60;50;7.934;8-12-2021;235037
14077;30;20;15;9.169;8-12-2021;235117
14078;20;10;10;6.403;8-12-2021;235055
14079;20;10;10;3.604;8-12-2021;235100
14080;20;10;10;8.003;8-12-2021;235052
14081;50;35;30;1.230;8-12-2021;235006
14082;30;20;15;2.499;8-12-2021;235047
14083;20;10;10;8.276;8-12-2021;235034
14084;30;20;15;9.132;8-12-2021;235055
14085;60;50;40;0.692;8-12-2021;235085
14086;60;50;40;6.164;8-12-2021;235009
14087;50;35;30;2.031;8-12-2021;235091
14088;20;10;10;7.598;8-12-2021;235010
14089;50;35;30;8.157;8-12-2021;235038
14090;50;35;30;1.007;8-12-2021;235026
14091;20;10;10;5.633;8-12-2021;235085
14092;60;50;40;7.905;8-12-2021;235084
14093;20;10;10;6.807;8-12-2021;235055
14094;20;10;10;3.387;8-12-2021;235106
14095;60;50;40;0.452;8-12-2021;235057
14096;30;20;15;2.688;8-12-2021;235002
14097;100;60;50;6.262;8-12-2021;235075
14098;20;10;10;1.958;8-12-2021;235028
14099;60;50;40;4.533;8-12-2021;235115
14100;20;10;10;8.875;8-12-2021;235086
14101;50;35;30;7.463;8-12-2021;235107
14102;30;20;15;5.997;8-12-2021;235012
14103;50;35;30;3.792;9-12-2021;235067
14104;100;60;50;5.133;9-12-2021;235009
14105;30;20;15;9.702;9-12-2021;235099
14106;30;20;15;7.179;9-12-2021;235081
14107;20;10;10;4.018;9-12-2021;235005
14108;100;60;50;9.832;9-12-2021;235059
14109;20;10;10;0.572;9-12-2021;235026
14110;60;50;40;8.706;9-12-2021;235101
14111;60;50;40;0.050;9-12-2021;235044
14112;20;10;10;0.711;9-12-2021;235019
14113;100;60;50;3.912;9-12-2021;235010
14114;20;10;10;0.073;9-12-2021;235017
14115;100;60;50;7.324;9-12-2021;235113
14116;50;35;30;6.783;9-12-2021;235034
14117;20;10;10;4.858;9-12-2021;235114
14118;60;50;40;0.689;9-12-2021;235018
14119;20;10;10;9.290;9-12-2021;235059
14120;60;50;40;8.662;9-12-2021;235066
14121;30;20;15;3.860;9-12-2021;235036
14122;50;35;30;5.789;9-12-2021;235091
14123;20;10;10;6.927;9-12-2021;235050
14124;30;20;15;9.015;9-12-2021;235068
14125;20;10;10;2.506;9-12-2021;235095
14126;50;35;30;1.396;9-12-2021;235034
14127;20;10;10;2.809;9-12-2021;235032
14128;50;35;30;1.408;9-12-2021;235117
14129;30;20;15;9.393;9-12-2021;235018
14130;20;10;10;7.535;9-12-2021;235069
14131;60;50;40;7.086;9-12-2021;235036
14132;60;50;40;7.750;9-12-2021;235012
14133;100;60;50;1.425;9-12-2021;235073
14134;50;35;30;3.962;9-12-2021;235118
14135;20;10;10;2.433;9-12-2021;235073
14136;100;60;50;6.952;9-12-2021;235020
14137;60;50;40;9.160;9-12-2021;235068
14138;100;60;50;9.918;9-12-2021;235085
14139;30;20;15;4.329;9-12-2021;235044
14140;100;60;50;1.976;9-12-2021;235031
14141;60;50;40;2.768;9-12-2021;235120
14142;30;20;15;8.074;10-12-2021;235030
14143;30;20;15;6.326;10-12-2021;235035
14144;100;60;50;1.754;10-12-2021;235099
14145;60;50;40;0.123;10-12-2021;235051
14146;20;10;10;7.000;10-12-2021;235104
14147;50;35;30;7.361;10-12-2021;235119
14148;30;20;15;5.074;10-12-2021;235103
14149;60;50;40;6.101;10-12-2021;235007
14150;20;10;10;7.406;10-12-2021;235023
14151;50;35;30;4.767;10-12-2021;235057
14152;20;10;10;9.553;10-12-2021;235036
14153;100;60;50;8.567;10-12-2021;235094
14154;50;35;30;9.996;10-12-2021;235057
14155;100;60;50;4.195;10-12-2021;235021
14156;20;10;10;3.581;10-12-2021;235011
14157;20;10;10;7.098;10-12-2021;235077
14158;60;50;40;0.143;10-12-2021;235042
14159;100;60;50;4.052;10-12-2021;235078
14160;60;50;40;2.616;10-12-2021;235012
14161;50;35;30;5.137;10-12-2021;235099
14162;100;60;50;6.836;10-12-2021;235111
14163;30;20;15;5.257;10-12-2021;235063
14164;50;35;30;3.223;10-12-2021;235001
14165;60;50;40;4.371;10-12-2021;235005
14166;60;50;40;2.035;10-12-2021;235087
14167;60;50;40;4.189;10-12-2021;235026
14168;30;20;15;1.923;10-12-2021;235097
14169;50;35;30;5.028;10-12-2021;235035
14170;50;35;30;1.800;10-12-2021;235037
14171;20;10;10;1.266;10-12-2021;235023
14172;50;35;30;8.733;10-12-2021;235085
14173;60;50;40;4.727;10-12-2021;235020
14174;30;20;15;7.529;10-12-2021;235031
14175;100;60;50;8.564;10-12-2021;235023
14176;30;20;15;8.390;10-12-2021;235003
14177;20;10;10;6.866;10-12-2021;235106
14178;20;10;10;7.360;10-12-2021;235054
14179;60;50;40;8.055;10-12-2021;235045
14180;20;10;10;5.027;10-12-2021;235050
14181;50;35;30;0.033;10-12-2021;235019
14182;60;50;40;4.156;10-12-2021;235023
14183;30;20;15;7.429;10-12-2021;235101
14184;20;10;10;8.533;10-12-2021;235033
14185;60;50;40;2.646;10-12-2021;235106
14186;30;20;15;7.535;10-12-2021;235022
14187;20;10;10;2.979;10-12-2021;235065
14188;100;60;50;3.001;10-12-2021;235037
14189;30;20;15;1.910;10-12-2021;235062
14190;100;60;50;3.205;10-12-2021;235051
14191;60;50;40;8.794;10-12-2021;235025
14192;60;50;40;9.512;10-12-2021;235010
14193;50;35;30;3.263;10-12-2021;235003
14194;100;60;50;3.268;10-12-2021;235017
14195;20;10;10;8.411;10-12-2021;235116
14196;30;20;15;7.018;10-12-2021;235120
14197;20;10;10;5.753;10-12-2021;235074
14198;50;35;30;6.285;10-12-2021;235024
14199;20;10;10;9.196;10-12-2021;235041
14200;60;50;40;6.330;10-12-2021;235062
14201;100;60;50;0.235;10-12-2021;235117
14202;20;10;10;5.736;10-12-2021;235003
14203;100;60;50;1.021;10-12-2021;235011
14204;30;20;15;3.695;11-12-2021;235096
14205;20;10;10;6.518;11-12-2021;235103
14206;100;60;50;7.475;11-12-2021;235117
14207;100;60;50;2.128;11-12-2021;235107
14208;60;50;40;3.957;11-12-2021;235027
14209;60;50;40;7.090;11-12-2021;235109
14210;50;35;30;5.025;11-12-2021;235013
14211;100;60;50;4.137;11-12-2021;235076
14212;100;60;50;9.033;11-12-2021;235006
14213;60;50;40;8.769;11-12-2021;235040
14214;30;20;15;6.077;11-12-2021;235053
14215;20;10;10;8.227;11-12-2021;235068
14216;100;60;50;9.466;11-12-2021;235103
14217;30;20;15;4.293;11-12-2021;235033
14218;20;10;10;2.723;11-12-2021;235075
14219;50;35;30;9.202;11-12-2021;235052
14220;30;20;15;5.352;11-12-2021;235017
14221;50;35;30;4.764;11-12-2021;235119
14222;50;35;30;7.339;11-12-2021;235082
14223;20;10;10;9.515;11-12-2021;235120
14224;30;20;15;5.874;11-12-2021;235093
14225;60;50;40;0.105;11-12-2021;235052
14226;50;35;30;7.872;11-12-2021;235066
14227;60;50;40;1.498;11-12-2021;235031
14228;100;60;50;7.346;11-12-2021;235088
14229;30;20;15;5.873;11-12-2021;235057
14230;60;50;40;6.957;11-12-2021;235104
14231;20;10;10;4.795;11-12-2021;235066
14232;50;35;30;1.595;11-12-2021;235016
14233;30;20;15;0.554;11-12-2021;235118
14234;50;35;30;7.810;11-12-2021;235106
14235;20;10;10;5.016;11-12-2021;235113
14236;50;35;30;4.362;11-12-2021;235012
14237;30;20;15;2.443;11-12-2021;235070
14238;30;20;15;5.109;11-12-2021;235003
14239;20;10;10;3.221;11-12-2021;235005
14240;30;20;15;8.449;11-12-2021;235021
14241;50;35;30;9.857;11-12-2021;235043
14242;20;10;10;6.421;11-12-2021;235041
14243;30;20;15;4.059;11-12-2021;235097
14244;60;50;40;8.586;11-12-2021;235018
14245;60;50;40;2.799;11-12-2021;235092
14246;60;50;40;9.330;11-12-2021;235100
14247;20;10;10;3.359;11-12-2021;235001
14248;100;60;50;4.401;11-12-2021;235084
14249;50;35;30;8.189;11-12-2021;235021
14250;100;60;50;1.202;11-12-2021;235077
14251;30;20;15;3.576;11-12-2021;235084
14252;50;35;30;4.507;11-12-2021;235094
14253;60;50;40;4.543;11-12-2021;235076
14254;60;50;40;2.463;11-12-2021;235056
14255;100;60;50;7.823;11-12-2021;235111
14256;30;20;15;8.494;11-12-2021;235081
14257;50;35;30;5.337;11-12-2021;235006
14258;50;35;30;0.391;11-12-2021;235021
14259;50;35;30;0.208;11-12-2021;235098
14260;50;35;30;4.623;11-12-2021;235102
14261;50;35;30;3.443;11-12-2021;235104
14262;60;50;40;8.810;11-12-2021;235099
14263;50;35;30;1.895;11-12-2021;235047
14264;50;35;30;9.186;11-12-2021;235073
14265;100;60;50;1.760;11-12-2021;235116
14266;60;50;40;9.517;11-12-2021;235008
14267;60;50;40;8.695;11-12-2021;235018
14268;100;60;50;8.841;11-12-2021;235116
14269;50;35;30;7.670;11-12-2021;235016
14270;50;35;30;4.043;11-12-2021;235109
14271;100;60;50;7.014;11-12-2021;235095
14272;100;60;50;9.811;11-12-2021;235081
14273;20;10;10;4.270;12-12-2021;235049
14274;100;60;50;7.531;12-12-2021;235054
14275;20;10;10;6.074;12-12-2021;235117
14276;60;50;40;8.098;12-12-2021;235031
14277;100;60;50;3.949;13-12-2021;235084
14278;20;10;10;1.239;13-12-2021;235031
14279;20;10;10;7.219;13-12-2021;235089
14280;100;60;50;8.745;13-12-2021;235007
14281;100;60;50;4.340;13-12-2021;235103
14282;100;60;50;5.110;13-12-2021;235077
14283;20;10;10;0.528;13-12-2021;235010
14284;60;50;40;5.465;13-12-2021;235054
14285;100;60;50;6.490;13-12-2021;235045
14286;100;60;50;8.084;13-12-2021;235021
14287;30;20;15;3.425;13-12-2021;235040
14288;50;35;30;9.743;13-12-2021;235100
14289;30;20;15;8.045;13-12-2021;235011
14290;20;10;10;8.180;13-12-2021;235107
14291;20;10;10;5.074;13-12-2021;235102
14292;50;35;30;5.137;13-12-2021;235017
14293;20;10;10;3.575;13-12-2021;235091
14294;50;35;30;9.859;13-12-2021;235002
14295;50;35;30;7.166;13-12-2021;235093
14296;30;20;15;9.730;13-12-2021;235116
14297;50;35;30;2.092;13-12-2021;235016
14298;50;35;30;3.511;13-12-2021;235115
14299;60;50;40;1.730;13-12-2021;235113
14300;50;35;30;0.691;13-12-2021;235096
14301;60;50;40;8.963;13-12-2021;235114
14302;30;20;15;3.965;13-12-2021;235093
14303;30;20;15;6.701;13-12-2021;235001
14304;30;20;15;7.890;13-12-2021;235061
14305;100;60;50;1.338;13-12-2021;235098
14306;30;20;15;6.186;13-12-2021;235094
14307;60;50;40;9.065;13-12-2021;235098
14308;20;10;10;9.622;13-12-2021;235054
14309;100;60;50;2.568;13-12-2021;235104
14310;50;35;30;1.656;13-12-2021;235093
14311;20;10;10;7.890;13-12-2021;235048
14312;30;20;15;6.203;13-12-2021;235095
14313;30;20;15;2.149;13-12-2021;235018
14314;50;35;30;1.506;13-12-2021;235094
14315;30;20;15;1.697;13-12-2021;235048
14316;60;50;40;2.100;13-12-2021;235022
14317;20;10;10;3.511;13-12-2021;235022
14318;50;35;30;2.189;13-12-2021;235097
14319;20;10;10;6.478;13-12-2021;235032
14320;100;60;50;4.315;13-12-2021;235001
14321;30;20;15;2.361;13-12-2021;235090
14322;30;20;15;6.423;13-12-2021;235028
14323;60;50;40;2.208;13-12-2021;235052
14324;20;10;10;4.033;13-12-2021;235012
14325;30;20;15;3.465;13-12-2021;235077
14326;60;50;40;6.218;13-12-2021;235052
14327;50;35;30;6.897;13-12-2021;235101
14328;50;35;30;9.992;13-12-2021;235082
14329;100;60;50;3.539;13-12-2021;235071
14330;50;35;30;6.137;13-12-2021;235113
14331;100;60;50;8.163;13-12-2021;235036
14332;100;60;50;5.667;13-12-2021;235117
14333;100;60;50;2.425;13-12-2021;235015
14334;20;10;10;3.389;13-12-2021;235056
14335;20;10;10;2.877;13-12-2021;235105
14336;60;50;40;8.209;13-12-2021;235071
14337;50;35;30;3.931;13-12-2021;235055
14338;60;50;40;7.060;13-12-2021;235105
14339;30;20;15;5.745;13-12-2021;235008
14340;30;20;15;5.070;13-12-2021;235091
14341;30;20;15;1.569;13-12-2021;235055
14342;60;50;40;1.614;13-12-2021;235116
14343;100;60;50;7.622;13-12-2021;235062
14344;60;50;40;4.484;13-12-2021;235076
14345;50;35;30;3.017;13-12-2021;235034
14346;50;35;30;9.883;13-12-2021;235090
14347;20;10;10;4.049;13-12-2021;235025
14348;30;20;15;8.334;13-12-2021;235011
14349;30;20;15;0.349;13-12-2021;235103
14350;20;10;10;7.966;13-12-2021;235057
14351;60;50;40;3.836;13-12-2021;235048
14352;20;10;10;0.534;13-12-2021;235073
14353;20;10;10;3.171;14-12-2021;235007
14354;100;60;50;7.315;14-12-2021;235062
14355;60;50;40;2.929;14-12-2021;235102
14356;20;10;10;4.331;14-12-2021;235001
14357;60;50;40;4.825;14-12-2021;235043
14358;30;20;15;0.819;14-12-2021;235031
14359;60;50;40;9.952;14-12-2021;235077
14360;30;20;15;1.401;14-12-2021;235096
14361;100;60;50;9.152;14-12-2021;235083
14362;60;50;40;8.128;14-12-2021;235014
14363;100;60;50;6.383;14-12-2021;235057
14364;60;50;40;5.408;14-12-2021;235093
14365;60;50;40;4.723;14-12-2021;235005
14366;100;60;50;7.008;14-12-2021;235051
14367;30;20;15;6.605;14-12-2021;235005
14368;60;50;40;0.173;14-12-2021;235046
14369;20;10;10;0.847;14-12-2021;235107
14370;30;20;15;4.238;14-12-2021;235065
14371;30;20;15;6.359;14-12-2021;235041
14372;30;20;15;3.377;14-12-2021;235120
14373;20;10;10;4.344;14-12-2021;235037
14374;100;60;50;6.331;14-12-2021;235059
14375;100;60;50;9.453;14-12-2021;235097
14376;50;35;30;6.246;14-12-2021;235040
14377;100;60;50;3.784;14-12-2021;235024
14378;100;60;50;4.264;14-12-2021;235109
14379;60;50;40;2.452;14-12-2021;235106
14380;20;10;10;4.615;14-12-2021;235114
14381;30;20;15;3.636;14-12-2021;235046
14382;20;10;10;2.024;14-12-2021;235063
14383;50;35;30;0.705;14-12-2021;235075
14384;100;60;50;4.699;14-12-2021;235095
14385;60;50;40;9.355;15-12-2021;235012
14386;50;35;30;4.934;15-12-2021;235117
14387;20;10;10;5.774;15-12-2021;235080
14388;100;60;50;3.768;15-12-2021;235086
14389;30;20;15;4.780;15-12-2021;235003
14390;20;10;10;2.550;15-12-2021;235069
14391;60;50;40;7.297;15-12-2021;235087
14392;100;60;50;1.742;15-12-2021;235104
14393;100;60;50;6.597;15-12-2021;235003
14394;100;60;50;8.357;15-12-2021;235102
14395;30;20;15;9.155;15-12-2021;235078
14396;20;10;10;9.672;15-12-2021;235093
14397;30;20;15;3.625;15-12-2021;235030
14398;30;20;15;3.803;15-12-2021;235010
14399;30;20;15;4.360;15-12-2021;235100
14400;20;10;10;4.038;15-12-2021;235120
14401;100;60;50;7.570;15-12-2021;235061
14402;20;10;10;4.793;15-12-2021;235097
14403;30;20;15;3.580;15-12-2021;235038
14404;20;10;10;5.807;15-12-2021;235031
14405;100;60;50;3.086;15-12-2021;235100
14406;30;20;15;0.202;15-12-2021;235104
14407;60;50;40;1.507;15-12-2021;235037
14408;20;10;10;2.448;15-12-2021;235048
14409;20;10;10;6.064;15-12-2021;235065
14410;100;60;50;6.142;15-12-2021;235007
14411;50;35;30;9.954;15-12-2021;235071
14412;100;60;50;4.660;15-12-2021;235111
14413;50;35;30;6.687;15-12-2021;235035
14414;60;50;40;1.985;15-12-2021;235012
14415;50;35;30;2.355;15-12-2021;235040
14416;100;60;50;6.811;15-12-2021;235016
14417;60;50;40;1.289;15-12-2021;235078
14418;20;10;10;1.882;15-12-2021;235003
14419;60;50;40;0.458;15-12-2021;235082
14420;100;60;50;7.598;15-12-2021;235059
14421;20;10;10;4.174;15-12-2021;235040
14422;30;20;15;5.401;15-12-2021;235055
14423;100;60;50;4.701;15-12-2021;235051
14424;50;35;30;2.208;15-12-2021;235028
14425;100;60;50;7.442;15-12-2021;235086
14426;20;10;10;2.987;15-12-2021;235063
14427;50;35;30;5.246;15-12-2021;235104
14428;20;10;10;9.160;15-12-2021;235105
14429;60;50;40;3.366;15-12-2021;235034
14430;50;35;30;6.209;15-12-2021;235067
14431;20;10;10;0.748;15-12-2021;235094
14432;50;35;30;4.126;15-12-2021;235039
14433;50;35;30;0.100;15-12-2021;235043
14434;50;35;30;9.225;15-12-2021;235119
14435;30;20;15;6.746;15-12-2021;235064
14436;100;60;50;9.338;15-12-2021;235029
14437;30;20;15;7.418;15-12-2021;235036
14438;100;60;50;6.535;15-12-2021;235004
14439;100;60;50;5.089;15-12-2021;235035
14440;60;50;40;0.648;15-12-2021;235001
14441;100;60;50;4.736;15-12-2021;235035
14442;100;60;50;2.912;15-12-2021;235004
14443;20;10;10;9.975;15-12-2021;235070
14444;100;60;50;5.032;15-12-2021;235069
14445;60;50;40;9.027;15-12-2021;235005
14446;100;60;50;4.431;15-12-2021;235061
14447;100;60;50;5.074;15-12-2021;235111
14448;60;50;40;9.114;15-12-2021;235038
14449;60;50;40;5.115;15-12-2021;235031
14450;20;10;10;4.724;15-12-2021;235011
14451;100;60;50;9.758;15-12-2021;235078
14452;100;60;50;4.417;15-12-2021;235075
14453;50;35;30;5.590;15-12-2021;235036
14454;20;10;10;7.955;15-12-2021;235077
14455;20;10;10;0.730;15-12-2021;235080
14456;30;20;15;7.228;15-12-2021;235099
14457;100;60;50;1.849;15-12-2021;235051
14458;100;60;50;9.636;15-12-2021;235001
14459;30;20;15;8.257;15-12-2021;235093
14460;30;20;15;0.406;15-12-2021;235080
14461;50;35;30;1.852;15-12-2021;235116
14462;30;20;15;8.117;15-12-2021;235095
14463;100;60;50;3.871;15-12-2021;235029
14464;50;35;30;1.074;15-12-2021;235037
14465;30;20;15;3.890;15-12-2021;235041
14466;20;10;10;3.586;15-12-2021;235087
14467;50;35;30;8.695;15-12-2021;235069
14468;60;50;40;1.944;15-12-2021;235037
14469;20;10;10;9.055;15-12-2021;235008
14470;50;35;30;7.531;15-12-2021;235006
14471;20;10;10;8.548;15-12-2021;235022
14472;30;20;15;4.983;15-12-2021;235110
14473;20;10;10;8.224;15-12-2021;235105
14474;50;35;30;3.946;15-12-2021;235052
14475;30;20;15;9.319;16-12-2021;235028
14476;50;35;30;1.779;16-12-2021;235019
14477;30;20;15;9.724;16-12-2021;235085
14478;50;35;30;7.278;16-12-2021;235039
14479;60;50;40;0.907;16-12-2021;235030
14480;20;10;10;3.904;16-12-2021;235031
14481;50;35;30;6.585;16-12-2021;235100
14482;100;60;50;9.489;16-12-2021;235063
14483;100;60;50;7.996;16-12-2021;235015
14484;30;20;15;4.732;16-12-2021;235037
14485;100;60;50;8.710;16-12-2021;235008
14486;20;10;10;5.523;16-12-2021;235046
14487;20;10;10;1.028;16-12-2021;235038
14488;60;50;40;7.210;16-12-2021;235032
14489;30;20;15;0.266;16-12-2021;235071
14490;60;50;40;0.945;16-12-2021;235017
14491;60;50;40;7.013;16-12-2021;235008
14492;20;10;10;5.055;16-12-2021;235022
14493;60;50;40;1.346;16-12-2021;235055
14494;20;10;10;0.343;16-12-2021;235112
14495;30;20;15;9.154;16-12-2021;235074
14496;50;35;30;2.062;16-12-2021;235070
14497;20;10;10;4.877;16-12-2021;235093
14498;100;60;50;2.914;16-12-2021;235058
14499;20;10;10;8.955;16-12-2021;235055
14500;20;10;10;7.783;16-12-2021;235009
14501;50;35;30;2.645;16-12-2021;235045
14502;30;20;15;8.965;16-12-2021;235067
14503;20;10;10;8.920;16-12-2021;235055
14504;30;20;15;9.695;16-12-2021;235027
14505;60;50;40;1.325;16-12-2021;235046
14506;50;35;30;7.899;16-12-2021;235002
14507;50;35;30;3.847;16-12-2021;235035
14508;50;35;30;2.750;16-12-2021;235116
14509;30;20;15;4.172;16-12-2021;235093
14510;60;50;40;5.071;16-12-2021;235033
14511;100;60;50;0.784;16-12-2021;235002
14512;50;35;30;2.657;16-12-2021;235094
14513;30;20;15;5.930;16-12-2021;235045
14514;50;35;30;1.454;16-12-2021;235036
14515;30;20;15;2.007;16-12-2021;235084
14516;30;20;15;9.323;16-12-2021;235032
14517;60;50;40;7.626;16-12-2021;235014
14518;20;10;10;6.270;16-12-2021;235025
14519;100;60;50;1.802;16-12-2021;235064
14520;60;50;40;1.750;16-12-2021;235015
14521;50;35;30;4.240;16-12-2021;235109
14522;30;20;15;8.644;16-12-2021;235077
14523;50;35;30;6.515;16-12-2021;235115
14524;30;20;15;5.147;16-12-2021;235094
14525;60;50;40;1.690;16-12-2021;235084
14526;20;10;10;9.937;16-12-2021;235103
14527;50;35;30;8.120;16-12-2021;235072
14528;50;35;30;5.229;16-12-2021;235012
14529;50;35;30;0.284;16-12-2021;235081
14530;30;20;15;3.703;16-12-2021;235011
14531;30;20;15;4.621;16-12-2021;235116
14532;30;20;15;3.531;16-12-2021;235096
14533;50;35;30;9.619;16-12-2021;235098
14534;20;10;10;5.182;16-12-2021;235066
14535;50;35;30;5.758;16-12-2021;235012
14536;20;10;10;1.160;16-12-2021;235083
14537;20;10;10;4.980;16-12-2021;235049
14538;60;50;40;6.889;16-12-2021;235107
14539;30;20;15;9.930;16-12-2021;235041
14540;30;20;15;6.621;16-12-2021;235028
14541;100;60;50;7.514;16-12-2021;235013
14542;20;10;10;1.232;16-12-2021;235120
14543;30;20;15;7.784;16-12-2021;235080
14544;30;20;15;6.330;16-12-2021;235031
14545;20;10;10;9.890;16-12-2021;235076
14546;20;10;10;5.081;16-12-2021;235107
14547;50;35;30;9.712;16-12-2021;235101
14548;50;35;30;4.025;16-12-2021;235021
14549;50;35;30;0.663;17-12-2021;235014
14550;50;35;30;0.282;17-12-2021;235080
14551;100;60;50;9.566;17-12-2021;235114
14552;60;50;40;8.722;17-12-2021;235058
14553;50;35;30;1.705;17-12-2021;235089
14554;50;35;30;6.850;17-12-2021;235042
14555;50;35;30;7.482;17-12-2021;235083
14556;100;60;50;5.462;17-12-2021;235071
14557;100;60;50;8.149;17-12-2021;235056
14558;30;20;15;9.137;17-12-2021;235094
14559;60;50;40;9.798;17-12-2021;235065
14560;50;35;30;8.660;17-12-2021;235018
14561;30;20;15;2.391;17-12-2021;235103
14562;20;10;10;5.358;17-12-2021;235089
14563;60;50;40;3.770;17-12-2021;235066
14564;60;50;40;4.241;17-12-2021;235074
14565;100;60;50;3.715;17-12-2021;235045
14566;60;50;40;8.739;17-12-2021;235029
14567;100;60;50;2.295;17-12-2021;235043
14568;20;10;10;0.202;17-12-2021;235071
14569;60;50;40;8.561;17-12-2021;235035
14570;30;20;15;1.905;17-12-2021;235008
14571;100;60;50;8.045;17-12-2021;235101
14572;30;20;15;2.729;17-12-2021;235106
14573;100;60;50;1.193;17-12-2021;235056
14574;50;35;30;6.495;17-12-2021;235056
14575;100;60;50;5.064;17-12-2021;235010
14576;20;10;10;1.500;17-12-2021;235041
14577;50;35;30;0.137;17-12-2021;235092
14578;100;60;50;2.198;17-12-2021;235068
14579;100;60;50;5.339;17-12-2021;235070
14580;20;10;10;3.408;17-12-2021;235082
14581;20;10;10;2.473;17-12-2021;235033
14582;50;35;30;2.587;17-12-2021;235020
14583;50;35;30;5.659;17-12-2021;235050
14584;60;50;40;9.508;17-12-2021;235092
14585;50;35;30;9.424;17-12-2021;235071
14586;50;35;30;5.478;17-12-2021;235088
14587;100;60;50;7.524;17-12-2021;235065
14588;50;35;30;7.651;17-12-2021;235044
14589;50;35;30;2.757;17-12-2021;235090
14590;30;20;15;3.081;17-12-2021;235013
14591;20;10;10;0.032;17-12-2021;235049
14592;50;35;30;3.174;17-12-2021;235080
14593;50;35;30;2.263;17-12-2021;235054
14594;60;50;40;1.973;17-12-2021;235100
14595;50;35;30;2.524;17-12-2021;235037
14596;30;20;15;2.112;17-12-2021;235044
14597;50;35;30;0.024;17-12-2021;235022
14598;60;50;40;4.817;17-12-2021;235067
14599;100;60;50;0.289;17-12-2021;235106
14600;60;50;40;5.648;17-12-2021;235007
14601;30;20;15;7.288;17-12-2021;235059
14602;60;50;40;4.891;17-12-2021;235035
14603;20;10;10;2.862;17-12-2021;235033
14604;60;50;40;0.970;17-12-2021;235062
14605;50;35;30;4.613;17-12-2021;235075
14606;60;50;40;0.763;17-12-2021;235087
14607;20;10;10;0.350;17-12-2021;235088
14608;30;20;15;2.358;17-12-2021;235007
14609;100;60;50;5.421;17-12-2021;235041
14610;20;10;10;1.406;18-12-2021;235120
14611;100;60;50;7.804;18-12-2021;235028
14612;60;50;40;9.637;18-12-2021;235035
14613;60;50;40;8.588;18-12-2021;235004
14614;60;50;40;9.410;18-12-2021;235019
14615;20;10;10;1.345;18-12-2021;235100
14616;50;35;30;7.637;18-12-2021;235030
14617;50;35;30;7.503;18-12-2021;235078
14618;30;20;15;7.219;18-12-2021;235098
14619;30;20;15;1.146;18-12-2021;235071
14620;100;60;50;3.971;18-12-2021;235094
14621;60;50;40;5.618;18-12-2021;235001
14622;50;35;30;6.137;18-12-2021;235094
14623;100;60;50;7.926;18-12-2021;235058
14624;100;60;50;5.654;18-12-2021;235049
14625;50;35;30;0.205;18-12-2021;235108
14626;100;60;50;3.396;18-12-2021;235026
14627;30;20;15;2.081;18-12-2021;235085
14628;50;35;30;4.564;18-12-2021;235112
14629;20;10;10;0.533;18-12-2021;235044
14630;60;50;40;0.250;18-12-2021;235026
14631;30;20;15;8.504;18-12-2021;235094
14632;100;60;50;2.143;18-12-2021;235100
14633;100;60;50;4.549;18-12-2021;235076
14634;30;20;15;6.706;18-12-2021;235028
14635;60;50;40;1.662;18-12-2021;235103
14636;20;10;10;5.166;18-12-2021;235018
14637;20;10;10;8.283;18-12-2021;235019
14638;100;60;50;5.960;18-12-2021;235037
14639;60;50;40;1.380;18-12-2021;235111
14640;60;50;40;6.204;18-12-2021;235082
14641;20;10;10;4.446;18-12-2021;235055
14642;60;50;40;0.154;18-12-2021;235120
14643;50;35;30;9.863;18-12-2021;235040
14644;50;35;30;2.070;18-12-2021;235049
14645;100;60;50;9.069;18-12-2021;235016
14646;50;35;30;2.326;18-12-2021;235113
14647;30;20;15;7.692;18-12-2021;235099
14648;100;60;50;2.879;18-12-2021;235054
14649;20;10;10;9.626;18-12-2021;235027
14650;20;10;10;7.382;18-12-2021;235043
14651;20;10;10;0.963;18-12-2021;235106
14652;50;35;30;3.396;18-12-2021;235074
14653;50;35;30;4.847;18-12-2021;235043
14654;20;10;10;7.512;18-12-2021;235074
14655;30;20;15;9.216;19-12-2021;235048
14656;60;50;40;0.427;19-12-2021;235091
14657;50;35;30;7.868;19-12-2021;235107
14658;50;35;30;2.666;19-12-2021;235088
14659;50;35;30;5.603;19-12-2021;235055
14660;20;10;10;0.296;19-12-2021;235013
14661;50;35;30;0.162;19-12-2021;235116
14662;50;35;30;7.429;19-12-2021;235073
14663;30;20;15;6.464;19-12-2021;235012
14664;30;20;15;7.373;19-12-2021;235005
14665;20;10;10;9.539;19-12-2021;235010
14666;20;10;10;2.245;19-12-2021;235114
14667;30;20;15;4.823;19-12-2021;235090
14668;100;60;50;6.471;19-12-2021;235107
14669;50;35;30;1.874;19-12-2021;235075
14670;30;20;15;5.826;19-12-2021;235048
14671;60;50;40;0.333;19-12-2021;235038
14672;20;10;10;5.930;19-12-2021;235114
14673;60;50;40;2.272;19-12-2021;235047
14674;60;50;40;1.657;19-12-2021;235080
14675;60;50;40;6.413;19-12-2021;235052
14676;100;60;50;6.906;20-12-2021;235060
14677;20;10;10;8.488;20-12-2021;235057
14678;60;50;40;0.884;20-12-2021;235082
14679;20;10;10;7.289;20-12-2021;235018
14680;30;20;15;5.603;20-12-2021;235054
14681;30;20;15;8.711;20-12-2021;235031
14682;50;35;30;0.135;20-12-2021;235072
14683;100;60;50;5.550;20-12-2021;235051
14684;100;60;50;2.440;20-12-2021;235011
14685;60;50;40;3.740;20-12-2021;235010
14686;60;50;40;8.004;20-12-2021;235050
14687;20;10;10;6.937;20-12-2021;235035
14688;20;10;10;0.781;20-12-2021;235057
14689;30;20;15;8.125;20-12-2021;235088
14690;20;10;10;1.819;20-12-2021;235022
14691;50;35;30;2.036;20-12-2021;235093
14692;50;35;30;7.287;20-12-2021;235020
14693;50;35;30;9.605;20-12-2021;235071
14694;60;50;40;6.142;20-12-2021;235038
14695;30;20;15;0.717;20-12-2021;235118
14696;30;20;15;6.938;20-12-2021;235001
14697;50;35;30;5.817;20-12-2021;235048
14698;60;50;40;1.261;20-12-2021;235091
14699;50;35;30;3.336;20-12-2021;235015
14700;100;60;50;8.686;20-12-2021;235075
14701;50;35;30;4.654;20-12-2021;235002
14702;20;10;10;0.155;20-12-2021;235044
14703;50;35;30;4.091;20-12-2021;235114
14704;50;35;30;6.162;20-12-2021;235065
14705;60;50;40;9.053;20-12-2021;235113
14706;20;10;10;5.501;20-12-2021;235049
14707;60;50;40;7.320;20-12-2021;235003
14708;30;20;15;4.583;20-12-2021;235030
14709;100;60;50;0.121;20-12-2021;235113
14710;20;10;10;6.106;20-12-2021;235031
14711;50;35;30;3.105;20-12-2021;235120
14712;60;50;40;6.377;20-12-2021;235093
14713;20;10;10;2.895;20-12-2021;235074
14714;20;10;10;9.565;20-12-2021;235046
14715;50;35;30;6.198;20-12-2021;235118
14716;20;10;10;4.087;20-12-2021;235029
14717;60;50;40;6.589;20-12-2021;235032
14718;20;10;10;5.174;20-12-2021;235027
14719;30;20;15;2.238;20-12-2021;235005
14720;100;60;50;9.894;20-12-2021;235059
14721;30;20;15;5.892;20-12-2021;235113
14722;60;50;40;7.905;20-12-2021;235026
14723;20;10;10;7.237;20-12-2021;235078
14724;50;35;30;6.522;20-12-2021;235037
14725;20;10;10;1.816;20-12-2021;235118
14726;20;10;10;0.828;20-12-2021;235113
14727;100;60;50;0.651;20-12-2021;235085
14728;60;50;40;4.426;20-12-2021;235090
14729;60;50;40;9.717;20-12-2021;235084
14730;60;50;40;9.567;20-12-2021;235072
14731;60;50;40;8.745;20-12-2021;235076
14732;20;10;10;4.958;20-12-2021;235007
14733;20;10;10;8.400;20-12-2021;235051
14734;20;10;10;8.290;20-12-2021;235025
14735;20;10;10;3.661;20-12-2021;235062
14736;100;60;50;8.738;20-12-2021;235104
14737;100;60;50;7.683;20-12-2021;235038
14738;50;35;30;2.329;20-12-2021;235045
14739;50;35;30;4.378;20-12-2021;235057
14740;100;60;50;2.625;20-12-2021;235003
14741;50;35;30;2.526;20-12-2021;235084
14742;60;50;40;7.806;20-12-2021;235052
14743;50;35;30;8.796;20-12-2021;235060
14744;20;10;10;7.557;20-12-2021;235119
14745;20;10;10;9.624;20-12-2021;235013
14746;100;60;50;3.613;20-12-2021;235040
14747;30;20;15;1.388;20-12-2021;235035
14748;30;20;15;3.116;20-12-2021;235073
14749;20;10;10;7.470;20-12-2021;235034
14750;30;20;15;5.758;20-12-2021;235026
14751;20;10;10;8.237;20-12-2021;235078
14752;100;60;50;2.905;20-12-2021;235051
14753;50;35;30;3.090;20-12-2021;235094
14754;30;20;15;8.423;20-12-2021;235079
14755;60;50;40;0.864;20-12-2021;235012
14756;60;50;40;7.775;21-12-2021;235050
14757;100;60;50;9.646;21-12-2021;235095
14758;20;10;10;4.196;21-12-2021;235089
14759;30;20;15;5.852;21-12-2021;235088
14760;20;10;10;8.675;21-12-2021;235048
14761;30;20;15;2.155;21-12-2021;235110
14762;60;50;40;1.240;21-12-2021;235043
14763;20;10;10;8.585;21-12-2021;235069
14764;60;50;40;3.200;21-12-2021;235036
14765;50;35;30;6.692;21-12-2021;235104
14766;100;60;50;5.717;21-12-2021;235029
14767;100;60;50;4.286;21-12-2021;235003
14768;30;20;15;1.944;22-12-2021;235084
14769;50;35;30;9.870;22-12-2021;235098
14770;50;35;30;8.129;22-12-2021;235043
14771;100;60;50;7.790;23-12-2021;235111
14772;100;60;50;9.862;23-12-2021;235092
14773;50;35;30;6.083;23-12-2021;235062
14774;100;60;50;3.529;23-12-2021;235080
14775;20;10;10;5.365;23-12-2021;235001
14776;20;10;10;6.959;23-12-2021;235036
14777;20;10;10;3.911;23-12-2021;235018
14778;100;60;50;7.694;23-12-2021;235064
14779;30;20;15;6.952;23-12-2021;235058
14780;20;10;10;4.630;23-12-2021;235112
14781;100;60;50;9.842;23-12-2021;235075
14782;100;60;50;3.889;23-12-2021;235054
14783;50;35;30;9.576;23-12-2021;235051
14784;100;60;50;8.647;23-12-2021;235041
14785;20;10;10;9.411;23-12-2021;235086
14786;50;35;30;5.224;23-12-2021;235103
14787;60;50;40;2.238;23-12-2021;235037
14788;100;60;50;2.603;23-12-2021;235088
14789;50;35;30;5.193;23-12-2021;235008
14790;100;60;50;9.805;23-12-2021;235103
14791;100;60;50;1.570;23-12-2021;235029
14792;50;35;30;9.433;23-12-2021;235082
14793;20;10;10;7.037;23-12-2021;235073
14794;60;50;40;1.502;23-12-2021;235076
14795;100;60;50;8.593;23-12-2021;235023
14796;20;10;10;8.239;23-12-2021;235048
14797;20;10;10;4.334;23-12-2021;235092
14798;60;50;40;2.875;23-12-2021;235092
14799;100;60;50;5.313;23-12-2021;235010
14800;20;10;10;7.072;23-12-2021;235014
14801;100;60;50;2.447;23-12-2021;235007
14802;50;35;30;7.267;23-12-2021;235087
14803;30;20;15;9.093;23-12-2021;235062
14804;30;20;15;8.045;23-12-2021;235062
14805;20;10;10;5.713;23-12-2021;235031
14806;100;60;50;5.062;23-12-2021;235058
14807;50;35;30;6.604;23-12-2021;235029
14808;50;35;30;3.982;23-12-2021;235075
14809;100;60;50;9.401;23-12-2021;235039
14810;30;20;15;9.333;23-12-2021;235011
14811;50;35;30;7.739;23-12-2021;235096
14812;60;50;40;5.864;23-12-2021;235066
14813;50;35;30;2.658;23-12-2021;235050
14814;100;60;50;8.474;23-12-2021;235044
14815;30;20;15;3.099;23-12-2021;235055
14816;60;50;40;7.570;23-12-2021;235001
14817;100;60;50;3.826;23-12-2021;235076
14818;30;20;15;8.015;23-12-2021;235077
14819;100;60;50;6.631;23-12-2021;235048
14820;60;50;40;8.845;23-12-2021;235061
14821;60;50;40;8.560;23-12-2021;235102
14822;50;35;30;0.571;23-12-2021;235120
14823;20;10;10;7.601;23-12-2021;235032
14824;20;10;10;9.014;23-12-2021;235051
14825;100;60;50;9.867;23-12-2021;235096
14826;60;50;40;1.831;23-12-2021;235007
14827;30;20;15;3.406;23-12-2021;235040
14828;30;20;15;2.788;23-12-2021;235017
14829;30;20;15;7.623;23-12-2021;235050
14830;20;10;10;1.642;23-12-2021;235072
14831;20;10;10;6.745;23-12-2021;235037
14832;100;60;50;5.476;23-12-2021;235106
14833;100;60;50;3.211;23-12-2021;235003
14834;100;60;50;2.576;23-12-2021;235018
14835;20;10;10;7.333;23-12-2021;235034
14836;50;35;30;8.090;23-12-2021;235045
14837;60;50;40;2.699;23-12-2021;235013
14838;30;20;15;3.871;23-12-2021;235097
14839;60;50;40;9.738;23-12-2021;235057
14840;100;60;50;3.205;23-12-2021;235021
14841;50;35;30;9.455;23-12-2021;235042
14842;50;35;30;6.354;23-12-2021;235015
14843;100;60;50;4.984;23-12-2021;235050
14844;100;60;50;9.983;23-12-2021;235001
14845;100;60;50;4.255;23-12-2021;235042
14846;60;50;40;3.851;23-12-2021;235012
14847;50;35;30;4.301;23-12-2021;235113
14848;20;10;10;1.476;23-12-2021;235079
14849;30;20;15;7.785;23-12-2021;235085
14850;20;10;10;8.648;23-12-2021;235114
14851;100;60;50;4.559;24-12-2021;235105
14852;100;60;50;8.880;24-12-2021;235030
14853;60;50;40;3.610;24-12-2021;235102
14854;30;20;15;2.621;24-12-2021;235079
14855;100;60;50;3.889;24-12-2021;235110
14856;100;60;50;8.221;24-12-2021;235091
14857;30;20;15;7.737;24-12-2021;235069
14858;50;35;30;7.454;24-12-2021;235111
14859;50;35;30;1.873;24-12-2021;235078
14860;30;20;15;9.076;24-12-2021;235062
14861;30;20;15;2.531;24-12-2021;235019
14862;20;10;10;8.363;24-12-2021;235017
14863;60;50;40;0.077;24-12-2021;235116
14864;30;20;15;7.648;24-12-2021;235029
14865;100;60;50;7.827;24-12-2021;235013
14866;30;20;15;7.188;24-12-2021;235041
14867;60;50;40;3.776;24-12-2021;235068
14868;20;10;10;7.078;24-12-2021;235035
14869;30;20;15;8.147;24-12-2021;235111
14870;100;60;50;4.810;24-12-2021;235098
14871;100;60;50;9.918;24-12-2021;235109
14872;50;35;30;8.168;24-12-2021;235092
14873;100;60;50;1.383;24-12-2021;235043
14874;50;35;30;2.849;24-12-2021;235048
14875;20;10;10;6.782;24-12-2021;235109
14876;20;10;10;9.408;24-12-2021;235029
14877;20;10;10;3.485;24-12-2021;235035
14878;100;60;50;5.504;24-12-2021;235098
14879;100;60;50;7.257;24-12-2021;235006
14880;20;10;10;9.917;24-12-2021;235063
14881;100;60;50;5.725;24-12-2021;235069
14882;60;50;40;2.428;24-12-2021;235047
14883;60;50;40;1.251;24-12-2021;235072
14884;60;50;40;3.416;24-12-2021;235094
14885;60;50;40;9.597;24-12-2021;235048
14886;20;10;10;4.152;24-12-2021;235013
14887;30;20;15;8.611;24-12-2021;235013
14888;60;50;40;0.550;24-12-2021;235039
14889;20;10;10;0.069;24-12-2021;235010
14890;100;60;50;1.825;24-12-2021;235085
14891;30;20;15;1.936;24-12-2021;235032
14892;20;10;10;0.717;24-12-2021;235050
14893;20;10;10;0.790;24-12-2021;235073
14894;20;10;10;3.045;24-12-2021;235038
14895;30;20;15;8.871;24-12-2021;235065
14896;60;50;40;3.187;24-12-2021;235016
14897;50;35;30;4.868;24-12-2021;235032
14898;60;50;40;5.177;24-12-2021;235060
14899;20;10;10;5.865;24-12-2021;235005
14900;20;10;10;0.480;24-12-2021;235095
14901;50;35;30;2.120;24-12-2021;235038
14902;20;10;10;6.933;24-12-2021;235096
14903;60;50;40;9.957;24-12-2021;235035
14904;60;50;40;4.963;24-12-2021;235033
14905;100;60;50;8.066;24-12-2021;235035
14906;30;20;15;7.987;24-12-2021;235056
14907;60;50;40;1.911;24-12-2021;235045
14908;30;20;15;2.225;24-12-2021;235108
14909;30;20;15;1.593;24-12-2021;235051
14910;100;60;50;5.161;24-12-2021;235011
14911;50;35;30;3.004;24-12-2021;235031
14912;50;35;30;2.106;24-12-2021;235056
14913;100;60;50;6.991;24-12-2021;235120
14914;50;35;30;2.076;24-12-2021;235062
14915;60;50;40;8.866;24-12-2021;235107
14916;30;20;15;0.275;24-12-2021;235110
14917;20;10;10;2.049;24-12-2021;235044
14918;50;35;30;7.315;24-12-2021;235008
14919;60;50;40;7.163;24-12-2021;235085
14920;20;10;10;9.920;24-12-2021;235077
14921;50;35;30;7.090;24-12-2021;235084
14922;100;60;50;3.869;24-12-2021;235038
14923;30;20;15;1.368;24-12-2021;235013
14924;20;10;10;4.503;24-12-2021;235051
14925;50;35;30;0.172;24-12-2021;235017
14926;50;35;30;0.160;24-12-2021;235052
14927;30;20;15;0.616;24-12-2021;235050
14928;50;35;30;8.593;24-12-2021;235022
14929;20;10;10;1.218;24-12-2021;235095
14930;60;50;40;0.054;24-12-2021;235120
14931;100;60;50;5.518;24-12-2021;235057
14932;60;50;40;4.539;24-12-2021;235028
14933;30;20;15;2.613;24-12-2021;235103
14934;60;50;40;6.148;24-12-2021;235056
14935;30;20;15;1.873;24-12-2021;235048
14936;20;10;10;8.204;24-12-2021;235011
14937;30;20;15;5.690;24-12-2021;235063
14938;100;60;50;7.132;24-12-2021;235054
14939;60;50;40;8.513;24-12-2021;235006
14940;50;35;30;7.065;24-12-2021;235117
14941;60;50;40;1.658;24-12-2021;235088
14942;100;60;50;6.262;24-12-2021;235009
14943;50;35;30;1.951;24-12-2021;235046
14944;100;60;50;8.853;24-12-2021;235014
14945;60;50;40;1.820;24-12-2021;235021
14946;20;10;10;3.873;24-12-2021;235115
14947;20;10;10;9.140;24-12-2021;235103
14948;60;50;40;8.366;24-12-2021;235007
14949;50;35;30;5.074;25-12-2021;235023
14950;30;20;15;5.944;25-12-2021;235072
14951;20;10;10;4.118;25-12-2021;235026
14952;50;35;30;0.413;25-12-2021;235001
14953;50;35;30;6.259;25-12-2021;235015
14954;100;60;50;2.960;25-12-2021;235002
14955;100;60;50;6.848;25-12-2021;235080
14956;60;50;40;8.288;25-12-2021;235043
14957;20;10;10;8.083;25-12-2021;235106
14958;60;50;40;8.819;25-12-2021;235014
14959;20;10;10;2.397;25-12-2021;235076
14960;100;60;50;5.184;25-12-2021;235079
14961;100;60;50;0.356;25-12-2021;235002
14962;30;20;15;3.749;25-12-2021;235015
14963;60;50;40;3.427;26-12-2021;235026
14964;20;10;10;4.309;26-12-2021;235045
14965;60;50;40;7.912;26-12-2021;235033
14966;60;50;40;9.486;26-12-2021;235082
14967;50;35;30;7.563;26-12-2021;235107
14968;20;10;10;2.148;26-12-2021;235118
14969;100;60;50;2.269;26-12-2021;235054
14970;100;60;50;4.747;26-12-2021;235018
14971;100;60;50;9.797;26-12-2021;235026
14972;60;50;40;0.176;26-12-2021;235064
14973;20;10;10;7.149;26-12-2021;235064
14974;20;10;10;5.500;26-12-2021;235085
14975;30;20;15;0.868;26-12-2021;235013
14976;50;35;30;1.440;26-12-2021;235092
14977;50;35;30;1.471;26-12-2021;235002
14978;30;20;15;0.730;26-12-2021;235021
14979;60;50;40;4.321;26-12-2021;235083
14980;20;10;10;9.338;26-12-2021;235028
14981;20;10;10;8.469;26-12-2021;235032
14982;20;10;10;4.258;26-12-2021;235064
14983;30;20;15;5.579;26-12-2021;235065
14984;20;10;10;5.963;26-12-2021;235098
14985;20;10;10;3.158;26-12-2021;235066
14986;60;50;40;0.539;26-12-2021;235013
14987;50;35;30;3.952;26-12-2021;235098
14988;100;60;50;5.213;27-12-2021;235032
14989;60;50;40;8.968;27-12-2021;235054
14990;100;60;50;6.242;27-12-2021;235078
14991;100;60;50;3.967;27-12-2021;235075
14992;20;10;10;9.012;27-12-2021;235108
14993;50;35;30;4.510;27-12-2021;235111
14994;100;60;50;7.281;27-12-2021;235120
14995;60;50;40;7.676;27-12-2021;235119
14996;50;35;30;9.412;27-12-2021;235096
14997;100;60;50;6.669;27-12-2021;235088
14998;100;60;50;1.204;27-12-2021;235098
14999;100;60;50;3.577;27-12-2021;235075
15000;30;20;15;3.859;27-12-2021;235020
15001;100;60;50;5.457;27-12-2021;235042
15002;50;35;30;6.854;27-12-2021;235035
15003;50;35;30;7.403;27-12-2021;235025
15004;60;50;40;5.667;27-12-2021;235066
15005;60;50;40;3.232;27-12-2021;235038
15006;100;60;50;0.388;28-12-2021;235097
15007;100;60;50;0.160;28-12-2021;235088
15008;20;10;10;4.775;28-12-2021;235116
15009;20;10;10;6.113;28-12-2021;235036
15010;60;50;40;8.711;28-12-2021;235047
15011;20;10;10;2.357;28-12-2021;235023
15012;50;35;30;3.804;28-12-2021;235087
15013;20;10;10;8.070;28-12-2021;235034
15014;20;10;10;6.935;28-12-2021;235118
15015;50;35;30;8.879;28-12-2021;235008
15016;100;60;50;3.831;28-12-2021;235018
15017;60;50;40;3.489;28-12-2021;235077
15018;60;50;40;7.798;28-12-2021;235059
15019;20;10;10;8.922;28-12-2021;235096
15020;60;50;40;3.734;28-12-2021;235058
15021;50;35;30;2.615;28-12-2021;235025
15022;30;20;15;4.876;28-12-2021;235012
15023;60;50;40;3.734;28-12-2021;235010
15024;100;60;50;5.265;28-12-2021;235076
15025;50;35;30;5.873;28-12-2021;235074
15026;20;10;10;0.473;28-12-2021;235079
15027;100;60;50;9.090;28-12-2021;235080
15028;20;10;10;0.683;28-12-2021;235059
15029;20;10;10;4.847;28-12-2021;235003
15030;20;10;10;6.554;28-12-2021;235010
15031;60;50;40;2.843;28-12-2021;235052
15032;60;50;40;9.762;28-12-2021;235110
15033;60;50;40;2.550;28-12-2021;235080
15034;100;60;50;6.642;28-12-2021;235046
15035;100;60;50;4.108;28-12-2021;235029
15036;30;20;15;7.365;28-12-2021;235068
15037;30;20;15;6.360;28-12-2021;235087
15038;50;35;30;1.853;28-12-2021;235047
15039;60;50;40;3.592;28-12-2021;235002
15040;30;20;15;1.709;28-12-2021;235082
15041;100;60;50;4.870;28-12-2021;235055
15042;50;35;30;9.238;28-12-2021;235041
15043;100;60;50;9.830;28-12-2021;235119
15044;20;10;10;6.937;28-12-2021;235078
15045;100;60;50;4.947;28-12-2021;235081
15046;20;10;10;5.257;28-12-2021;235066
15047;60;50;40;3.462;28-12-2021;235094
15048;100;60;50;1.937;28-12-2021;235056
15049;60;50;40;7.531;28-12-2021;235108
15050;20;10;10;8.962;29-12-2021;235063
15051;20;10;10;4.651;29-12-2021;235008
15052;20;10;10;4.624;29-12-2021;235043
15053;20;10;10;8.579;29-12-2021;235031
15054;50;35;30;3.459;29-12-2021;235031
15055;30;20;15;5.138;29-12-2021;235111
15056;30;20;15;4.522;29-12-2021;235029
15057;20;10;10;9.509;29-12-2021;235069
15058;20;10;10;5.196;29-12-2021;235118
15059;20;10;10;7.625;29-12-2021;235016
15060;30;20;15;8.898;29-12-2021;235009
15061;20;10;10;6.074;29-12-2021;235081
15062;60;50;40;5.615;29-12-2021;235026
15063;20;10;10;3.826;29-12-2021;235006
15064;30;20;15;0.831;29-12-2021;235031
15065;60;50;40;4.802;29-12-2021;235067
15066;60;50;40;5.069;29-12-2021;235008
15067;100;60;50;9.156;29-12-2021;235062
15068;20;10;10;4.125;29-12-2021;235078
15069;30;20;15;5.824;29-12-2021;235099
15070;50;35;30;1.317;29-12-2021;235073
15071;20;10;10;3.065;29-12-2021;235069
15072;60;50;40;1.288;29-12-2021;235003
15073;30;20;15;3.650;29-12-2021;235119
15074;20;10;10;6.838;29-12-2021;235039
15075;50;35;30;7.927;29-12-2021;235079
15076;60;50;40;9.309;29-12-2021;235073
15077;100;60;50;9.585;29-12-2021;235063
15078;60;50;40;0.636;29-12-2021;235073
15079;20;10;10;3.741;29-12-2021;235113
15080;100;60;50;4.263;29-12-2021;235037
15081;20;10;10;5.451;29-12-2021;235041
15082;100;60;50;8.982;29-12-2021;235037
15083;50;35;30;9.965;30-12-2021;235026
15084;60;50;40;1.052;30-12-2021;235050
15085;20;10;10;8.095;30-12-2021;235075
15086;50;35;30;7.033;30-12-2021;235041
15087;100;60;50;8.047;30-12-2021;235029
15088;50;35;30;2.759;30-12-2021;235015
15089;60;50;40;3.536;30-12-2021;235119
15090;50;35;30;0.202;30-12-2021;235082
15091;100;60;50;0.128;30-12-2021;235016
15092;30;20;15;6.008;30-12-2021;235012
15093;60;50;40;4.422;30-12-2021;235059
15094;20;10;10;9.578;30-12-2021;235100
15095;60;50;40;6.024;30-12-2021;235119
15096;60;50;40;2.248;30-12-2021;235001
15097;30;20;15;0.718;30-12-2021;235044
15098;100;60;50;4.519;30-12-2021;235116
15099;50;35;30;5.489;30-12-2021;235095
15100;60;50;40;0.696;30-12-2021;235086
15101;30;20;15;1.959;30-12-2021;235031
15102;50;35;30;1.061;30-12-2021;235038
15103;30;20;15;5.640;30-12-2021;235088
15104;30;20;15;1.247;30-12-2021;235069
15105;50;35;30;1.813;30-12-2021;235031
15106;50;35;30;4.463;30-12-2021;235048
15107;60;50;40;0.672;30-12-2021;235101
15108;30;20;15;2.226;30-12-2021;235099
15109;20;10;10;1.994;30-12-2021;235089
15110;100;60;50;3.150;30-12-2021;235060
15111;60;50;40;3.594;30-12-2021;235003
15112;100;60;50;1.889;30-12-2021;235073
15113;60;50;40;5.154;30-12-2021;235070
15114;100;60;50;3.579;30-12-2021;235081
15115;100;60;50;5.045;30-12-2021;235044
15116;20;10;10;5.022;30-12-2021;235108
15117;20;10;10;9.079;30-12-2021;235110
15118;50;35;30;6.655;30-12-2021;235020
15119;60;50;40;6.821;30-12-2021;235009
15120;20;10;10;8.182;30-12-2021;235042
15121;100;60;50;9.397;30-12-2021;235090
15122;50;35;30;2.039;30-12-2021;235017
15123;60;50;40;7.465;30-12-2021;235096
15124;100;60;50;8.927;30-12-2021;235078
15125;60;50;40;5.100;30-12-2021;235052
15126;20;10;10;7.160;30-12-2021;235068
15127;20;10;10;4.206;30-12-2021;235074
15128;20;10;10;5.947;30-12-2021;235072
15129;100;60;50;0.453;30-12-2021;235094
15130;20;10;10;2.849;30-12-2021;235075
15131;20;10;10;9.639;30-12-2021;235048
15132;30;20;15;8.220;30-12-2021;235072
15133;30;20;15;8.284;30-12-2021;235069
15134;20;10;10;7.336;30-12-2021;235037
15135;50;35;30;2.837;30-12-2021;235060
15136;50;35;30;2.220;30-12-2021;235009
15137;30;20;15;3.348;30-12-2021;235082
15138;30;20;15;4.859;30-12-2021;235004
15139;20;10;10;3.072;30-12-2021;235044
15140;50;35;30;6.800;30-12-2021;235032
15141;30;20;15;0.233;30-12-2021;235001
15142;30;20;15;4.311;30-12-2021;235074
15143;50;35;30;0.008;30-12-2021;235076
15144;50;35;30;5.666;30-12-2021;235016
15145;30;20;15;8.330;30-12-2021;235116
15146;20;10;10;7.231;30-12-2021;235064
15147;50;35;30;7.055;30-12-2021;235111
15148;100;60;50;7.320;30-12-2021;235073
15149;30;20;15;6.575;30-12-2021;235112
15150;100;60;50;3.025;30-12-2021;235082
15151;50;35;30;4.684;30-12-2021;235050
15152;60;50;40;2.006;30-12-2021;235105
15153;50;35;30;3.075;30-12-2021;235086
15154;30;20;15;2.519;30-12-2021;235048
15155;100;60;50;7.658;30-12-2021;235002
15156;50;35;30;4.546;30-12-2021;235064
15157;20;10;10;9.303;30-12-2021;235081
15158;50;35;30;8.942;30-12-2021;235074
15159;60;50;40;4.641;30-12-2021;235072
15160;20;10;10;0.992;30-12-2021;235042
15161;20;10;10;5.315;30-12-2021;235082
15162;20;10;10;7.996;30-12-2021;235096
15163;100;60;50;0.190;30-12-2021;235045
15164;50;35;30;5.707;30-12-2021;235085
15165;20;10;10;1.403;30-12-2021;235086
15166;60;50;40;6.039;30-12-2021;235113
15167;30;20;15;7.981;30-12-2021;235043
15168;20;10;10;3.956;30-12-2021;235063
15169;20;10;10;2.732;30-12-2021;235018
15170;30;20;15;7.391;30-12-2021;235012
15171;20;10;10;0.080;30-12-2021;235014
15172;50;35;30;3.115;30-12-2021;235107
15173;20;10;10;6.849;30-12-2021;235079
15174;50;35;30;8.447;30-12-2021;235113
15175;30;20;15;0.249;30-12-2021;235120
15176;100;60;50;3.447;30-12-2021;235115
15177;100;60;50;6.148;31-12-2021;235075
15178;60;50;40;5.420;31-12-2021;235086
15179;100;60;50;1.531;31-12-2021;235030
15180;60;50;40;5.518;31-12-2021;235093
15181;20;10;10;7.338;31-12-2021;235046
15182;60;50;40;1.017;31-12-2021;235065
15183;20;10;10;5.009;31-12-2021;235004
15184;100;60;50;5.408;31-12-2021;235014
15185;20;10;10;6.458;31-12-2021;235117
15186;100;60;50;2.300;31-12-2021;235017
15187;20;10;10;0.982;31-12-2021;235058
15188;60;50;40;5.704;31-12-2021;235014
15189;30;20;15;8.227;31-12-2021;235094
15190;20;10;10;5.553;31-12-2021;235055
15191;50;35;30;9.230;31-12-2021;235090
15192;50;35;30;6.600;31-12-2021;235013
15193;20;10;10;2.928;31-12-2021;235051
15194;20;10;10;8.644;31-12-2021;235050
15195;50;35;30;3.602;31-12-2021;235061
15196;30;20;15;1.130;31-12-2021;235077
15197;20;10;10;0.117;31-12-2021;235112
15198;30;20;15;2.186;31-12-2021;235035
15199;100;60;50;2.738;31-12-2021;235005
15200;30;20;15;6.762;31-12-2021;235097
15201;30;20;15;9.573;31-12-2021;235055
15202;60;50;40;7.103;31-12-2021;235024
15203;20;10;10;6.654;31-12-2021;235001
15204;30;20;15;1.476;31-12-2021;235099
15205;100;60;50;2.370;31-12-2021;235060
15206;100;60;50;0.179;31-12-2021;235104
15207;50;35;30;4.909;31-12-2021;235042
15208;20;10;10;6.077;31-12-2021;235095
15209;100;60;50;6.836;31-12-2021;235117
15210;50;35;30;6.270;31-12-2021;235084
15211;30;20;15;2.550;31-12-2021;235056
15212;50;35;30;1.386;31-12-2021;235076
15213;50;35;30;5.664;31-12-2021;235080
15214;30;20;15;5.120;31-12-2021;235098
15215;100;60;50;5.109;31-12-2021;235077
15216;60;50;40;3.084;31-12-2021;235006
15217;20;10;10;1.669;31-12-2021;235015
15218;20;10;10;2.167;31-12-2021;235086
15219;50;35;30;3.794;31-12-2021;235081
15220;20;10;10;8.269;31-12-2021;235032
15221;100;60;50;0.607;31-12-2021;235016
15222;30;20;15;6.384;31-12-2021;235100
15223;30;20;15;6.469;31-12-2021;235005
15224;30;20;15;6.293;31-12-2021;235013
15225;50;35;30;0.047;31-12-2021;235048
15226;20;10;10;4.013;31-12-2021;235001
15227;20;10;10;9.247;31-12-2021;235045
15228;50;35;30;2.091;31-12-2021;235117
15229;30;20;15;3.588;31-12-2021;235117
15230;20;10;10;5.093;31-12-2021;235079
15231;50;35;30;7.368;31-12-2021;235075
15232;20;10;10;3.097;31-12-2021;235093
15233;30;20;15;9.672;31-12-2021;235074
15234;100;60;50;9.846;31-12-2021;235099
15235;100;60;50;2.614;31-12-2021;235059
15236;60;50;40;0.889;31-12-2021;235109
15237;30;20;15;3.908;31-12-2021;235083
15238;30;20;15;4.431;31-12-2021;235037
15239;60;50;40;7.769;31-12-2021;235058
15240;30;20;15;5.926;31-12-2021;235006
15241;60;50;40;3.160;31-12-2021;235069
15242;30;20;15;0.102;31-12-2021;235038
15243;50;35;30;6.544;31-12-2021;235079
15244;50;35;30;8.192;31-12-2021;235008
15245;50;35;30;8.706;31-12-2021;235097
15246;50;35;30;6.626;31-12-2021;235096
15247;20;10;10;0.062;31-12-2021;235053
15248;30;20;15;8.127;31-12-2021;235019
15249;100;60;50;4.462;31-12-2021;235076
15250;100;60;50;9.719;31-12-2021;235021
15251;50;35;30;8.252;31-12-2021;235111
15252;100;60;50;1.092;31-12-2021;235008
15253;20;10;10;4.706;31-12-2021;235114
15254;30;20;15;3.452;31-12-2021;235057
15255;20;10;10;6.562;31-12-2021;235100
15256;30;20;15;4.517;31-12-2021;235067
15257;60;50;40;3.812;31-12-2021;235059
